{"cameraMode":{"drawMode":0,"name":"Shaded","section":"Shading Mode"},"sceneLighting":true,"audioPlay":false,"sceneViewState":{"showFog":true,"showMaterialUpdate":false,"showSkybox":true,"showFlares":true,"showImageEffects":true,"showParticleSystems":true},"in2DMode":false,"pivot":{"x":2.294426918029785,"y":-4.49559211730957,"z":0.8544082641601563},"rotation":{"x":-0.12409836053848267,"y":0.8758983612060547,"z":-0.32850098609924319,"w":-0.3308905363082886},"size":19.38196563720703,"orthographic":false}